<?xml version="1.0" encoding="UTF-8"?>
<feature
      id="com.aptana.feature.studio"
      label="%featureName"
      version="3.3.2.201302081500-7G7F17UIS_IYK7UrNh8biKtz0dax"
      provider-name="%providerName"
      plugin="com.aptana.branding">

   <description url="http://www.aptana.com">
      %description
   </description>

   <copyright url="%copyrightURL">
      %copyright
   </copyright>

   <license url="%licenseURL">
      %license
   </license>

   <url>
      <update label="%updateSiteName" url="http://download.aptana.com/studio3/plugin/update/"/>
   </url>

   <includes
         id="com.aptana.feature"
         version="3.3.2.1360362099-BP7P8KBebMgUAf1mu1DC44EXt-dS"/>

   <includes
         id="org.radrails.rails"
         version="3.3.0.201302081457-7e-7Q7f5FNRL5MVO"
         name="RadRails"/>

   <includes
         id="com.aptana.php.feature"
         version="3.3.0.201302081453-7J7E-7IOVQXVVbKT"/>

   <includes
         id="com.aptana.pydev.feature"
         version="2.7.0.2013012902-7g9I-8Jez0cez0LZfI"/>

   <plugin
         id="com.aptana.ui.override"
         download-size="0"
         install-size="0"
         version="1.0.0.201302081500"
         fragment="true"
         unpack="false"/>

   <plugin
         id="com.aptana.scripting.ui.override"
         download-size="0"
         install-size="0"
         version="1.0.0.201302081500"
         fragment="true"
         unpack="false"/>

   <plugin
         id="com.aptana.editor.findbar.override"
         download-size="0"
         install-size="0"
         version="1.0.0.201302081500"
         fragment="true"
         unpack="false"/>

   <plugin
         id="com.aptana.editor.common.override"
         download-size="0"
         install-size="0"
         version="1.0.0.201302081500"
         fragment="true"
         unpack="false"/>

</feature>
