<?xml version="1.0" encoding="UTF-8"?>
<feature
      id="org.radrails.rails"
      label="%featureName"
      version="3.3.0.201302081457-7e-7Q7f5FNRL5MVO"
      provider-name="%providerName"
      plugin="com.aptana.editor.ruby">

   <description url="http://www.aptana.com">
      %description
   </description>

   <copyright url="http://www.aptana.com">
      %copyright
   </copyright>

   <requires>
      <import plugin="org.eclipse.core.runtime"/>
      <import plugin="org.eclipse.ui"/>
      <import plugin="org.eclipse.ui.console"/>
      <import plugin="org.eclipse.debug.ui"/>
      <import plugin="org.eclipse.ui.ide" version="3.4.0" match="greaterOrEqual"/>
      <import plugin="org.eclipse.core.filesystem"/>
      <import plugin="com.aptana.git.ui" version="3.0.0" match="greaterOrEqual"/>
      <import plugin="com.aptana.terminal"/>
      <import plugin="com.aptana.explorer"/>
      <import plugin="com.aptana.scripting"/>
      <import plugin="com.aptana.editor.common"/>
      <import plugin="org.eclipse.ui.workbench.texteditor"/>
      <import plugin="org.eclipse.jface.text" version="3.4.0" match="greaterOrEqual"/>
      <import plugin="org.eclipse.ui.navigator"/>
      <import plugin="com.aptana.console"/>
      <import plugin="com.aptana.workbench"/>
      <import plugin="com.aptana.editor.html"/>
      <import plugin="com.aptana.editor.js"/>
      <import plugin="org.eclipse.core.resources" version="3.4.0" match="greaterOrEqual"/>
      <import plugin="com.aptana.theme"/>
      <import plugin="org.eclipse.ui.editors" version="3.4.0" match="greaterOrEqual"/>
      <import plugin="com.aptana.ui" version="3.0.0" match="greaterOrEqual"/>
      <import plugin="org.eclipse.debug.core"/>
      <import plugin="com.aptana.parsing"/>
      <import plugin="com.aptana.index.core" version="3.0.0" match="greaterOrEqual"/>
      <import plugin="org.eclipse.ui.views"/>
      <import plugin="org.jruby"/>
      <import plugin="com.aptana.formatter.epl" version="3.0.0" match="greaterOrEqual"/>
      <import plugin="com.aptana.formatter.ui.epl" version="3.0.0" match="greaterOrEqual"/>
      <import plugin="com.aptana.ui.epl"/>
      <import plugin="com.aptana.editor.xml"/>
      <import plugin="com.aptana.editor.css"/>
      <import plugin="beaver"/>
      <import plugin="org.eclipse.jface" version="3.4.0" match="greaterOrEqual"/>
      <import plugin="org.eclipse.ui.workbench" version="3.4.0" match="greaterOrEqual"/>
      <import plugin="com.aptana.ruby.core" version="3.0.0" match="greaterOrEqual"/>
      <import plugin="com.aptana.core" version="3.0.3" match="greaterOrEqual"/>
      <import plugin="org.jrubyparser" version="1.0.0" match="greaterOrEqual"/>
      <import plugin="com.aptana.editor.ruby" version="1.0.0" match="greaterOrEqual"/>
      <import plugin="org.eclipse.core.expressions"/>
   </requires>

   <plugin
         id="org.radrails.rails.ui"
         download-size="0"
         install-size="0"
         version="3.0.2.1345651386"
         unpack="false"/>

   <plugin
         id="org.radrails.rails.core"
         download-size="0"
         install-size="0"
         version="3.0.2.1345651386"
         unpack="false"/>

   <plugin
         id="com.aptana.ruby.debug.ui"
         download-size="0"
         install-size="0"
         version="3.0.2.1339543082"
         unpack="false"/>

   <plugin
         id="com.aptana.ruby.debug.core"
         download-size="0"
         install-size="0"
         version="3.0.2.1345831522"
         unpack="false"/>

   <plugin
         id="com.aptana.ruby.launching"
         download-size="0"
         install-size="0"
         version="3.0.2.1340741978"
         unpack="false"/>

   <plugin
         id="com.aptana.ruby.core"
         download-size="0"
         install-size="0"
         version="3.0.2.1352211861"
         unpack="false"/>

   <plugin
         id="com.aptana.ruby.ui"
         download-size="0"
         install-size="0"
         version="3.0.2.1347479530"
         unpack="false"/>

   <plugin
         id="com.aptana.editor.ruby"
         download-size="0"
         install-size="0"
         version="3.0.3.1337406325"
         unpack="false"/>

   <plugin
         id="com.aptana.editor.ruby.formatter.epl"
         download-size="0"
         install-size="0"
         version="3.0.2.1346879409"
         unpack="false"/>

   <plugin
         id="com.aptana.editor.erb"
         download-size="0"
         install-size="0"
         version="3.0.3.1352211861"
         unpack="false"/>

   <plugin
         id="com.aptana.editor.haml"
         download-size="0"
         install-size="0"
         version="3.0.2.1340155739"
         unpack="false"/>

   <plugin
         id="org.jrubyparser"
         download-size="0"
         install-size="0"
         version="1.0.1.1315951256"
         unpack="false"/>

   <plugin
         id="com.aptana.editor.sass"
         download-size="0"
         install-size="0"
         version="3.0.2.1345142026"
         unpack="false"/>

   <plugin
         id="com.aptana.ruby.rake"
         download-size="0"
         install-size="0"
         version="3.0.0.1332171281"
         unpack="false"/>

</feature>
