<?xml version="1.0" encoding="UTF-8"?>
<feature
      id="com.aptana.feature"
      label="%featureName"
      version="3.3.2.1360362099-BP7P8KBebMgUAf1mu1DC44EXt-dS"
      provider-name="%providerName"
      plugin="com.aptana.branding">

   <description url="http://www.aptana.com">
      %description
   </description>

   <copyright url="%copyrightURL">
      %copyright
   </copyright>

   <includes
         id="com.aptana.ide.feature.libraries.subscription"
         version="2.0.3.1349744907-3-2244873A381"/>

   <includes
         id="com.aptana.webkitbrowser"
         version="1.0.0.1349745119-7A--7QhrYFqz-QRX"/>

   <requires>
      <import plugin="org.eclipse.ui" version="3.4.0" match="greaterOrEqual"/>
      <import plugin="org.eclipse.core.runtime"/>
      <import plugin="org.eclipse.core.resources"/>
      <import plugin="org.eclipse.jface.text" version="3.4.0" match="greaterOrEqual"/>
      <import plugin="org.eclipse.debug.core" version="3.4.0" match="greaterOrEqual"/>
      <import plugin="org.eclipse.debug.ui" version="3.4.0" match="greaterOrEqual"/>
      <import plugin="org.eclipse.ui.console" version="3.4.0" match="greaterOrEqual"/>
      <import plugin="org.eclipse.ui.workbench"/>
      <import plugin="org.eclipse.team.core"/>
      <import plugin="org.eclipse.core.filesystem"/>
      <import plugin="org.eclipse.ui.ide" version="3.4.0" match="greaterOrEqual"/>
      <import plugin="org.eclipse.team.ui" version="3.4.0" match="greaterOrEqual"/>
      <import plugin="org.eclipse.ui.externaltools"/>
      <import plugin="org.eclipse.compare" version="3.4.0" match="greaterOrEqual"/>
      <import plugin="org.eclipse.ui.browser" version="3.2.0" match="greaterOrEqual"/>
      <import plugin="org.eclipse.ui.editors" version="3.4.0" match="greaterOrEqual"/>
      <import plugin="org.eclipse.ui.workbench.texteditor" version="3.4.0" match="greaterOrEqual"/>
      <import plugin="org.eclipse.ui.navigator" version="3.3.0" match="greaterOrEqual"/>
      <import plugin="org.eclipse.core.expressions" version="3.0.0" match="greaterOrEqual"/>
      <import plugin="org.eclipse.search" version="3.2.0" match="greaterOrEqual"/>
      <import plugin="org.eclipse.ui.views"/>
      <import plugin="org.eclipse.osgi" version="3.1.0" match="greaterOrEqual"/>
      <import plugin="org.eclipse.equinox.security" version="1.0.0" match="greaterOrEqual"/>
      <import plugin="org.eclipse.jsch.core"/>
      <import plugin="com.aptana.ide.libraries.subscription"/>
      <import plugin="com.aptana.swt.webkitbrowser" version="1.0.0" match="greaterOrEqual"/>
   </requires>

   <plugin
         id="com.aptana.console"
         download-size="0"
         install-size="0"
         version="3.0.0.1356654747"
         unpack="false"/>

   <plugin
         id="com.aptana.browser"
         download-size="0"
         install-size="0"
         version="3.0.0.1340804502"
         unpack="false"/>

   <plugin
         id="com.aptana.git.core"
         download-size="0"
         install-size="0"
         version="3.0.0.1350339236"/>

   <plugin
         id="com.aptana.git.ui"
         download-size="0"
         install-size="0"
         version="3.0.3.1351803090"
         unpack="false"/>

   <plugin
         id="com.aptana.terminal"
         download-size="0"
         install-size="0"
         version="3.0.0.1350942659"/>

   <plugin
         id="com.aptana.org.eclipse.tm.terminal"
         download-size="0"
         install-size="0"
         version="3.1.0.1347109273"
         unpack="false"/>

   <plugin
         id="com.aptana.explorer"
         download-size="0"
         install-size="0"
         version="3.0.0.1351865743"
         unpack="false"/>

   <plugin
         id="com.aptana.scripting"
         download-size="0"
         install-size="0"
         version="3.0.0.1355767092"
         unpack="false"/>

   <plugin
         id="com.aptana.editor.common"
         download-size="0"
         install-size="0"
         version="3.0.3.1352730601"
         unpack="false"/>

   <plugin
         id="com.aptana.editor.css"
         download-size="0"
         install-size="0"
         version="3.0.3.1352211749"
         unpack="false"/>

   <plugin
         id="com.aptana.editor.html"
         download-size="0"
         install-size="0"
         version="3.0.3.1352211749"
         unpack="false"/>

   <plugin
         id="com.aptana.editor.js"
         download-size="0"
         install-size="0"
         version="3.0.3.1355869080"
         unpack="false"/>

   <plugin
         id="com.aptana.editor.xml"
         download-size="0"
         install-size="0"
         version="3.0.0.1352211749"
         unpack="false"/>

   <plugin
         id="com.aptana.filewatcher"
         download-size="0"
         install-size="0"
         version="3.0.1.1337406272"
         unpack="false"/>

   <plugin
         id="com.aptana.editor.findbar"
         download-size="0"
         install-size="0"
         version="3.0.0.1352400688"
         unpack="false"/>

   <plugin
         id="com.aptana.parsing"
         download-size="0"
         install-size="0"
         version="3.0.0.1352238994"/>

   <plugin
         id="com.aptana.scripting.ui"
         download-size="0"
         install-size="0"
         version="3.0.0.1351277876"
         unpack="false"/>

   <plugin
         id="org.jruby"
         download-size="0"
         install-size="0"
         version="1.6.4.1331328108"/>

   <plugin
         id="com.aptana.editor.text"
         download-size="0"
         install-size="0"
         version="3.0.0.1339173764"
         unpack="false"/>

   <plugin
         id="com.aptana.commandline.launcher"
         download-size="0"
         install-size="0"
         version="3.0.3.1346080293"
         unpack="false"/>

   <plugin
         id="com.aptana.usage"
         download-size="0"
         install-size="0"
         version="3.0.0.1360362099"
         unpack="false"/>

   <plugin
         id="com.aptana.libraries"
         download-size="0"
         install-size="0"
         version="3.0.0.1346444124"/>

   <plugin
         id="com.aptana.ui"
         download-size="0"
         install-size="0"
         version="3.1.4.1359062680"
         unpack="false"/>

   <plugin
         id="com.aptana.branding"
         download-size="0"
         install-size="0"
         version="3.3.2.1358388697"/>

   <plugin
         id="com.aptana.filesystem.http"
         download-size="0"
         install-size="0"
         version="3.0.0.1347887896"
         unpack="false"/>

   <plugin
         id="com.aptana.core"
         download-size="0"
         install-size="0"
         version="3.3.0.1357172724"
         unpack="false"/>

   <plugin
         id="com.aptana.core.epl"
         download-size="0"
         install-size="0"
         version="3.0.0.1344341997"
         unpack="false"/>

   <plugin
         id="com.aptana.core.io"
         download-size="0"
         install-size="0"
         version="3.0.3.1355781145"
         unpack="false"/>

   <plugin
         id="com.aptana.filesystem.ftp"
         download-size="0"
         install-size="0"
         version="3.0.0.1340804502"
         unpack="false"/>

   <plugin
         id="com.aptana.filesystem.secureftp"
         download-size="0"
         install-size="0"
         version="3.0.0.1339455718"
         unpack="false"/>

   <plugin
         id="com.aptana.syncing.core"
         download-size="0"
         install-size="0"
         version="3.0.0.1355716199"
         unpack="false"/>

   <plugin
         id="com.aptana.ui.io"
         download-size="0"
         install-size="0"
         version="3.0.0.1351720970"
         unpack="false"/>

   <plugin
         id="com.aptana.ui.io.epl"
         download-size="0"
         install-size="0"
         version="3.0.0.1329404579"
         unpack="false"/>

   <plugin
         id="com.aptana.syncing.ui"
         download-size="0"
         install-size="0"
         version="3.0.3.1346080293"
         unpack="false"/>

   <plugin
         id="com.aptana.ui.secureftp"
         download-size="0"
         install-size="0"
         version="3.0.0.1337406272"
         unpack="false"/>

   <plugin
         id="com.aptana.ui.ftp"
         download-size="0"
         install-size="0"
         version="3.0.0.1340804502"
         unpack="false"/>

   <plugin
         id="com.aptana.ide.security.linux"
         os="linux"
         download-size="0"
         install-size="0"
         version="2.0.0.1346890119"
         unpack="false"/>

   <plugin
         id="com.aptana.ui.epl"
         download-size="0"
         install-size="0"
         version="3.0.0.1355872193"
         unpack="false"/>

   <plugin
         id="com.aptana.index.core"
         download-size="0"
         install-size="0"
         version="3.0.0.1353955766"
         unpack="false"/>

   <plugin
         id="com.aptana.deploy"
         download-size="0"
         install-size="0"
         version="3.0.3.1348636220"
         unpack="false"/>

   <plugin
         id="beaver"
         download-size="0"
         install-size="0"
         version="3.0.0.1346444146"
         unpack="false"/>

   <plugin
         id="com.aptana.portablegit.win32"
         os="win32"
         download-size="0"
         install-size="0"
         version="3.0.0.1337406272"/>

   <plugin
         id="com.aptana.editor.diff"
         download-size="0"
         install-size="0"
         version="3.0.0.1337406272"
         unpack="false"/>

   <plugin
         id="com.aptana.theme"
         download-size="0"
         install-size="0"
         version="3.0.0.1347655866"
         unpack="false"/>

   <plugin
         id="com.aptana.index.core.ui"
         download-size="0"
         install-size="0"
         version="3.0.0.1340804502"
         unpack="false"/>

   <plugin
         id="com.aptana.projects"
         download-size="0"
         install-size="0"
         version="3.0.0.1352334623"
         unpack="false"/>

   <plugin
         id="com.aptana.editor.markdown"
         download-size="0"
         install-size="0"
         version="3.0.0.1337406272"
         unpack="false"/>

   <plugin
         id="com.aptana.editor.beaver"
         download-size="0"
         install-size="0"
         version="3.0.0.1352211749"
         unpack="false"/>

   <plugin
         id="com.aptana.editor.dtd"
         download-size="0"
         install-size="0"
         version="3.0.0.1352211749"
         unpack="false"/>

   <plugin
         id="com.aptana.filesystem.s3"
         download-size="0"
         install-size="0"
         version="3.0.0.1347887896"
         unpack="false"/>

   <plugin
         id="com.aptana.ui.s3"
         download-size="0"
         install-size="0"
         version="3.0.0.1337406272"
         unpack="false"/>

   <plugin
         id="com.amazon.s3"
         download-size="0"
         install-size="0"
         version="3.0.0.1329178773"
         unpack="false"/>

   <plugin
         id="com.aptana.editor.svg"
         download-size="0"
         install-size="0"
         version="3.0.3.1340804502"
         unpack="false"/>

   <plugin
         id="com.aptana.editor.idl"
         download-size="0"
         install-size="0"
         version="3.0.0.1352211749"
         unpack="false"/>

   <plugin
         id="com.aptana.editor.json"
         download-size="0"
         install-size="0"
         version="3.0.0.1352211749"
         unpack="false"/>

   <plugin
         id="com.aptana.preview"
         download-size="0"
         install-size="0"
         version="3.0.0.1352396840"
         unpack="false"/>

   <plugin
         id="com.aptana.editor.css.formatter"
         download-size="0"
         install-size="0"
         version="3.0.0.1341615906"
         unpack="false"/>

   <plugin
         id="com.aptana.editor.html.formatter"
         download-size="0"
         install-size="0"
         version="3.0.3.1341616068"
         unpack="false"/>

   <plugin
         id="com.aptana.editor.js.formatter"
         download-size="0"
         install-size="0"
         version="3.0.3.1346244333"
         unpack="false"/>

   <plugin
         id="com.aptana.formatter.epl"
         download-size="0"
         install-size="0"
         version="3.2.0.1341615906"
         unpack="false"/>

   <plugin
         id="com.aptana.formatter.ui.epl"
         download-size="0"
         install-size="0"
         version="3.0.0.1348635775"
         unpack="false"/>

   <plugin
         id="com.aptana.editor.yaml"
         download-size="0"
         install-size="0"
         version="3.0.0.1352211749"
         unpack="false"/>

   <plugin
         id="com.aptana.workbench"
         download-size="0"
         install-size="0"
         version="3.0.0.1346080293"
         unpack="false"/>

   <plugin
         id="com.aptana.webserver.core"
         download-size="0"
         install-size="0"
         version="3.0.0.1350314522"
         unpack="false"/>

   <plugin
         id="com.aptana.webserver.ui"
         download-size="0"
         install-size="0"
         version="3.0.0.1346884910"
         unpack="false"/>

   <plugin
         id="com.aptana.configurations"
         download-size="0"
         install-size="0"
         version="3.0.3.1340804502"
         unpack="false"/>

   <plugin
         id="com.aptana.portal.ui"
         download-size="0"
         install-size="0"
         version="3.0.0.1351374301"
         unpack="false"/>

   <plugin
         id="com.aptana.portal.ui.eclipse36"
         download-size="0"
         install-size="0"
         version="3.0.0.1337406272"
         unpack="false"/>

   <plugin
         id="org.mozilla.rhino"
         download-size="0"
         install-size="0"
         version="1.7.4.1340809267"
         unpack="false"/>

   <plugin
         id="org.w3c.css"
         download-size="0"
         install-size="0"
         version="3.0.0.1308864319"
         unpack="false"/>

   <plugin
         id="com.aptana.debug.core"
         download-size="0"
         install-size="0"
         version="3.0.3.1356676301"
         unpack="false"/>

   <plugin
         id="com.aptana.debug.ui"
         download-size="0"
         install-size="0"
         version="3.0.3.1343658852"
         unpack="false"/>

   <plugin
         id="com.aptana.js.debug.core"
         download-size="0"
         install-size="0"
         version="3.0.3.1356654747"
         unpack="false"/>

   <plugin
         id="com.aptana.js.debug.core.v8"
         download-size="0"
         install-size="0"
         version="3.0.0.1349739205"
         unpack="false"/>

   <plugin
         id="com.aptana.js.debug.core.ie"
         os="win32"
         download-size="0"
         install-size="0"
         version="3.0.0.1337406272"
         fragment="true"
         unpack="false"/>

   <plugin
         id="com.aptana.js.debug.ui"
         download-size="0"
         install-size="0"
         version="3.0.0.1346080293"
         unpack="false"/>

   <plugin
         id="org.apache.httpcomponents.httpcore"
         download-size="0"
         install-size="0"
         version="4.1.3"
         unpack="false"/>

   <plugin
         id="com.aptana.editor.xml.formatter"
         download-size="0"
         install-size="0"
         version="3.0.0.1341616068"
         unpack="false"/>

   <plugin
         id="com.aptana.documentation"
         download-size="0"
         install-size="0"
         version="3.0.0.1340804502"
         unpack="false"/>

   <plugin
         id="json.simple"
         download-size="0"
         install-size="0"
         version="1.1.0"
         unpack="false"/>

   <plugin
         id="com.aptana.samples"
         download-size="0"
         install-size="0"
         version="3.0.0.1340804502"
         unpack="false"/>

   <plugin
         id="com.aptana.samples.ui"
         download-size="0"
         install-size="0"
         version="3.0.0.1349746898"
         unpack="false"/>

   <plugin
         id="com.aptana.deploy.engineyard"
         download-size="0"
         install-size="0"
         version="3.0.3.1342747641"
         unpack="false"/>

   <plugin
         id="com.aptana.deploy.ftp"
         download-size="0"
         install-size="0"
         version="3.0.3.1342747641"
         unpack="false"/>

   <plugin
         id="com.aptana.deploy.heroku"
         download-size="0"
         install-size="0"
         version="3.0.3.1342747641"
         unpack="false"/>

   <plugin
         id="com.aptana.deploy.capistrano"
         download-size="0"
         install-size="0"
         version="3.0.3.1357340424"
         unpack="false"/>

   <plugin
         id="com.aptana.editor.epl"
         download-size="0"
         install-size="0"
         version="3.0.0.1329404579"
         unpack="false"/>

   <plugin
         id="com.aptana.editor.coffee"
         download-size="0"
         install-size="0"
         version="3.0.0.1352211749"
         unpack="false"/>

   <plugin
         id="com.aptana.buildpath.core"
         download-size="0"
         install-size="0"
         version="3.1.0.1353955766"
         unpack="false"/>

   <plugin
         id="com.aptana.eclipse.fullscreen.ui"
         os="macosx"
         ws="cocoa"
         download-size="0"
         install-size="0"
         version="1.0.4.1335481102"
         unpack="false"/>

   <plugin
         id="com.aptana.jira.core"
         download-size="0"
         install-size="0"
         version="1.0.0.1357757363"
         unpack="false"/>

   <plugin
         id="com.aptana.jira.ui"
         download-size="0"
         install-size="0"
         version="1.0.0.1358484105"
         unpack="false"/>

   <plugin
         id="com.aptana.jetty.util.epl"
         download-size="0"
         install-size="0"
         version="3.0.0.1337703431"
         unpack="false"/>

   <plugin
         id="com.aptana.deploy.ui"
         download-size="0"
         install-size="0"
         version="1.0.0.1354838688"
         unpack="false"/>

   <plugin
         id="com.aptana.deploy.epl"
         download-size="0"
         install-size="0"
         version="3.0.0.1339628739"
         unpack="false"/>

   <plugin
         id="com.aptana.js.debug.v8.ui"
         download-size="0"
         install-size="0"
         version="3.0.0.1349739116"
         unpack="false"/>

   <plugin
         id="com.aptana.build.ui"
         download-size="0"
         install-size="0"
         version="3.0.0.1342114703"
         unpack="false"/>

</feature>
