<?xml version='1.0' encoding='UTF-8'?>
<?artifactRepository version='1.1.0'?>
<repository name='Bundle pool' type='org.eclipse.equinox.p2.artifact.repository.simpleRepository' version='1'>
  <properties size='2'>
    <property name='p2.system' value='true'/>
    <property name='p2.timestamp' value='1360367884212'/>
  </properties>
  <mappings size='3'>
    <rule filter='(&amp; (classifier=osgi.bundle))' output='${repoUrl}/plugins/${id}_${version}.jar'/>
    <rule filter='(&amp; (classifier=binary))' output='${repoUrl}/binary/${id}_${version}'/>
    <rule filter='(&amp; (classifier=org.eclipse.update.feature))' output='${repoUrl}/features/${id}_${version}.jar'/>
  </mappings>
  <artifacts size='307'>
    <artifact classifier='org.eclipse.update.feature' id='com.aptana.php.feature' version='3.3.0.201302081453-7J7E-7IOVQXVVbKT'>
      <properties size='1'>
        <property name='download.size' value='30396'/>
      </properties>
      <repositoryProperties size='1'>
        <property name='artifact.folder' value='true'/>
      </repositoryProperties>
    </artifact>
    <artifact classifier='osgi.bundle' id='org.python.pydev.debug' version='2.7.0.2013012902'>
      <properties size='1'>
        <property name='download.size' value='546996'/>
      </properties>
      <repositoryProperties size='1'>
        <property name='artifact.folder' value='true'/>
      </repositoryProperties>
    </artifact>
    <artifact classifier='osgi.bundle' id='com.aptana.shared_core' version='2.7.0.2013012902'>
      <properties size='1'>
        <property name='download.size' value='57711'/>
      </properties>
      <repositoryProperties size='1'>
        <property name='artifact.folder' value='true'/>
      </repositoryProperties>
    </artifact>
    <artifact classifier='osgi.bundle' id='org.jrubyparser' version='1.0.1.1315951256'>
      <properties size='1'>
        <property name='download.size' value='1180355'/>
      </properties>
    </artifact>
    <artifact classifier='osgi.bundle' id='org.eclipse.ecf.provider.filetransfer.ssl' version='1.0.0.v20110531-2218'>
      <properties size='1'>
        <property name='download.size' value='8460'/>
      </properties>
    </artifact>
    <artifact classifier='osgi.bundle' id='org.eclipse.core.runtime.compatibility.registry' version='3.5.0.v20110505'>
      <properties size='1'>
        <property name='download.size' value='16890'/>
      </properties>
      <repositoryProperties size='1'>
        <property name='artifact.folder' value='true'/>
      </repositoryProperties>
    </artifact>
    <artifact classifier='osgi.bundle' id='org.eclipse.core.jobs' version='3.5.101.v20120113-1953'>
      <properties size='1'>
        <property name='download.size' value='91069'/>
      </properties>
    </artifact>
    <artifact classifier='osgi.bundle' id='com.ibm.icu' version='4.4.2.v20110823'>
      <properties size='1'>
        <property name='download.size' value='6701203'/>
      </properties>
    </artifact>
    <artifact classifier='osgi.bundle' id='com.aptana.editor.ruby' version='3.0.3.1337406325'>
      <properties size='1'>
        <property name='download.size' value='162077'/>
      </properties>
    </artifact>
    <artifact classifier='osgi.bundle' id='org.eclipse.equinox.http.registry' version='1.1.100.v20110502'>
      <properties size='1'>
        <property name='download.size' value='43999'/>
      </properties>
    </artifact>
    <artifact classifier='osgi.bundle' id='org.eclipse.core.filesystem.linux.x86_64' version='1.2.0.v20110423-0524'>
      <properties size='1'>
        <property name='download.size' value='9549'/>
      </properties>
    </artifact>
    <artifact classifier='osgi.bundle' id='org.eclipse.ant.core' version='3.2.302.v20120110-1739'>
      <properties size='1'>
        <property name='download.size' value='97869'/>
      </properties>
    </artifact>
    <artifact classifier='osgi.bundle' id='com.aptana.interactive_console' version='2.7.0.2013012902'>
      <properties size='1'>
        <property name='download.size' value='413177'/>
      </properties>
      <repositoryProperties size='1'>
        <property name='artifact.folder' value='true'/>
      </repositoryProperties>
    </artifact>
    <artifact classifier='org.eclipse.update.feature' id='com.aptana.ide.feature.libraries.subscription' version='2.0.3.1349744907-3-2244873A381'>
      <properties size='1'>
        <property name='download.size' value='30042'/>
      </properties>
      <repositoryProperties size='1'>
        <property name='artifact.folder' value='true'/>
      </repositoryProperties>
    </artifact>
    <artifact classifier='osgi.bundle' id='com.aptana.deploy.engineyard' version='3.0.3.1342747641'>
      <properties size='1'>
        <property name='download.size' value='65680'/>
      </properties>
    </artifact>
    <artifact classifier='osgi.bundle' id='org.eclipse.equinox.p2.jarprocessor' version='1.0.200.v20110815-1438'>
      <properties size='1'>
        <property name='download.size' value='67015'/>
      </properties>
    </artifact>
    <artifact classifier='osgi.bundle' id='com.aptana.ui.ftp' version='3.0.0.1340804502'>
      <properties size='1'>
        <property name='download.size' value='91416'/>
      </properties>
    </artifact>
    <artifact classifier='osgi.bundle' id='org.eclipse.core.filebuffers' version='3.5.200.v20110928-1504'>
      <properties size='1'>
        <property name='download.size' value='113471'/>
      </properties>
    </artifact>
    <artifact classifier='osgi.bundle' id='com.aptana.debug.ui' version='3.0.3.1343658852'>
      <properties size='1'>
        <property name='download.size' value='42164'/>
      </properties>
    </artifact>
    <artifact classifier='osgi.bundle' id='com.aptana.core' version='3.3.0.1357172724'>
      <properties size='1'>
        <property name='download.size' value='307451'/>
      </properties>
    </artifact>
    <artifact classifier='osgi.bundle' id='com.python.pydev.refactoring' version='2.7.0.2013012902'>
      <properties size='1'>
        <property name='download.size' value='215138'/>
      </properties>
      <repositoryProperties size='1'>
        <property name='artifact.folder' value='true'/>
      </repositoryProperties>
    </artifact>
    <artifact classifier='osgi.bundle' id='org.apache.commons.httpclient' version='3.1.0.v201012070820'>
      <properties size='1'>
        <property name='download.size' value='321633'/>
      </properties>
    </artifact>
    <artifact classifier='osgi.bundle' id='beaver' version='3.0.0.1346444146'>
      <properties size='1'>
        <property name='download.size' value='135596'/>
      </properties>
    </artifact>
    <artifact classifier='osgi.bundle' id='org.eclipse.ecf.identity' version='3.1.100.v20110531-2218'>
      <properties size='1'>
        <property name='download.size' value='51439'/>
      </properties>
    </artifact>
    <artifact classifier='osgi.bundle' id='org.eclipse.equinox.launcher.gtk.linux.x86_64' version='1.1.100.v20110505'>
      <properties size='1'>
        <property name='download.size' value='78066'/>
      </properties>
      <repositoryProperties size='1'>
        <property name='artifact.folder' value='true'/>
      </repositoryProperties>
    </artifact>
    <artifact classifier='osgi.bundle' id='org.eclipse.ui.intro.universal' version='3.2.500.v20110510'>
      <properties size='1'>
        <property name='download.size' value='1634964'/>
      </properties>
      <repositoryProperties size='1'>
        <property name='artifact.folder' value='true'/>
      </repositoryProperties>
    </artifact>
    <artifact classifier='osgi.bundle' id='com.aptana.ruby.launching' version='3.0.2.1340741978'>
      <properties size='1'>
        <property name='download.size' value='12142'/>
      </properties>
    </artifact>
    <artifact classifier='osgi.bundle' id='org.eclipse.ecf.provider.filetransfer.httpclient' version='4.0.0.v20110531-2218'>
      <properties size='1'>
        <property name='download.size' value='68427'/>
      </properties>
    </artifact>
    <artifact classifier='osgi.bundle' id='org.mortbay.jetty.util' version='6.1.23.v201012071420'>
      <properties size='1'>
        <property name='download.size' value='193298'/>
      </properties>
    </artifact>
    <artifact classifier='osgi.bundle' id='org.eclipse.equinox.p2.updatechecker' version='1.1.200.v20110815-1419'>
      <properties size='1'>
        <property name='download.size' value='16796'/>
      </properties>
    </artifact>
    <artifact classifier='osgi.bundle' id='org.eclipse.ui.workbench.texteditor' version='3.7.0.v20110928-1504'>
      <properties size='1'>
        <property name='download.size' value='581960'/>
      </properties>
    </artifact>
    <artifact classifier='osgi.bundle' id='org.eclipse.equinox.jsp.jasper' version='1.0.300.v20110502'>
      <properties size='1'>
        <property name='download.size' value='25532'/>
      </properties>
    </artifact>
    <artifact classifier='osgi.bundle' id='com.aptana.deploy' version='3.0.3.1348636220'>
      <properties size='1'>
        <property name='download.size' value='29695'/>
      </properties>
    </artifact>
    <artifact classifier='osgi.bundle' id='com.aptana.console' version='3.0.0.1356654747'>
      <properties size='1'>
        <property name='download.size' value='37036'/>
      </properties>
    </artifact>
    <artifact classifier='osgi.bundle' id='com.aptana.js.debug.core.v8' version='3.0.0.1349739205'>
      <properties size='1'>
        <property name='download.size' value='686057'/>
      </properties>
    </artifact>
    <artifact classifier='osgi.bundle' id='org.eclipse.equinox.common' version='3.6.0.v20110523'>
      <properties size='1'>
        <property name='download.size' value='105624'/>
      </properties>
    </artifact>
    <artifact classifier='osgi.bundle' id='org.python.pydev' version='2.7.0.2013012902'>
      <properties size='1'>
        <property name='download.size' value='1866222'/>
      </properties>
      <repositoryProperties size='1'>
        <property name='artifact.folder' value='true'/>
      </repositoryProperties>
    </artifact>
    <artifact classifier='osgi.bundle' id='com.aptana.deploy.heroku' version='3.0.3.1342747641'>
      <properties size='1'>
        <property name='download.size' value='67583'/>
      </properties>
    </artifact>
    <artifact classifier='osgi.bundle' id='org.eclipse.equinox.p2.ui.importexport' version='1.0.1.R37x_v20111103'>
      <properties size='1'>
        <property name='download.size' value='116294'/>
      </properties>
    </artifact>
    <artifact classifier='osgi.bundle' id='com.aptana.documentation' version='3.0.0.1340804502'>
      <properties size='1'>
        <property name='download.size' value='830581'/>
      </properties>
    </artifact>
    <artifact classifier='osgi.bundle' id='org.sat4j.pb' version='2.3.0.v20110329'>
      <properties size='1'>
        <property name='download.size' value='140725'/>
      </properties>
    </artifact>
    <artifact classifier='osgi.bundle' id='com.aptana.editor.css.formatter' version='3.0.0.1341615906'>
      <properties size='1'>
        <property name='download.size' value='65859'/>
      </properties>
    </artifact>
    <artifact classifier='osgi.bundle' id='org.eclipse.help.webapp' version='3.6.1.r37_20110929'>
      <properties size='1'>
        <property name='download.size' value='586844'/>
      </properties>
    </artifact>
    <artifact classifier='osgi.bundle' id='org.eclipse.ui.console' version='3.5.100.v20111007_r372'>
      <properties size='1'>
        <property name='download.size' value='159986'/>
      </properties>
    </artifact>
    <artifact classifier='osgi.bundle' id='com.aptana.editor.text' version='3.0.0.1339173764'>
      <properties size='1'>
        <property name='download.size' value='26644'/>
      </properties>
    </artifact>
    <artifact classifier='osgi.bundle' id='com.aptana.ruby.ui' version='3.0.2.1347479530'>
      <properties size='1'>
        <property name='download.size' value='71046'/>
      </properties>
    </artifact>
    <artifact classifier='osgi.bundle' id='com.aptana.swt.webkitbrowser' version='1.0.0.1349745119'>
      <properties size='1'>
        <property name='download.size' value='217056'/>
      </properties>
    </artifact>
    <artifact classifier='osgi.bundle' id='org.eclipse.equinox.p2.director.app' version='1.0.300.v20111126-0153'>
      <properties size='1'>
        <property name='download.size' value='47337'/>
      </properties>
    </artifact>
    <artifact classifier='osgi.bundle' id='org.python.pydev.core' version='2.7.0.2013012902'>
      <properties size='1'>
        <property name='download.size' value='764722'/>
      </properties>
      <repositoryProperties size='1'>
        <property name='artifact.folder' value='true'/>
      </repositoryProperties>
    </artifact>
    <artifact classifier='osgi.bundle' id='org.eclipse.equinox.event' version='1.2.100.v20110502'>
      <properties size='1'>
        <property name='download.size' value='32525'/>
      </properties>
    </artifact>
    <artifact classifier='osgi.bundle' id='com.aptana.ui' version='3.1.4.1359062680'>
      <properties size='1'>
        <property name='download.size' value='230940'/>
      </properties>
    </artifact>
    <artifact classifier='osgi.bundle' id='org.eclipse.osgi.util' version='3.2.200.v20110110'>
      <properties size='1'>
        <property name='download.size' value='23764'/>
      </properties>
    </artifact>
    <artifact classifier='osgi.bundle' id='com.aptana.php.debug.epl' version='3.3.0.1345228196'>
      <properties size='1'>
        <property name='download.size' value='1264191'/>
      </properties>
    </artifact>
    <artifact classifier='osgi.bundle' id='org.eclipse.core.net' version='1.2.100.I20110511-0800'>
      <properties size='1'>
        <property name='download.size' value='69180'/>
      </properties>
    </artifact>
    <artifact classifier='osgi.bundle' id='org.mortbay.jetty.server' version='6.1.23.v201012071420'>
      <properties size='1'>
        <property name='download.size' value='557887'/>
      </properties>
    </artifact>
    <artifact classifier='osgi.bundle' id='org.eclipse.update.ui' version='3.2.300.v20100512'>
      <properties size='1'>
        <property name='download.size' value='507184'/>
      </properties>
    </artifact>
    <artifact classifier='osgi.bundle' id='org.eclipse.ui' version='3.7.0.v20110928-1505'>
      <properties size='1'>
        <property name='download.size' value='153179'/>
      </properties>
    </artifact>
    <artifact classifier='osgi.bundle' id='org.eclipse.team.core' version='3.6.0.I20110525-0800'>
      <properties size='1'>
        <property name='download.size' value='393873'/>
      </properties>
    </artifact>
    <artifact classifier='osgi.bundle' id='com.aptana.editor.beaver' version='3.0.0.1352211749'>
      <properties size='1'>
        <property name='download.size' value='23690'/>
      </properties>
    </artifact>
    <artifact classifier='osgi.bundle' id='com.aptana.ruby.debug.ui' version='3.0.2.1339543082'>
      <properties size='1'>
        <property name='download.size' value='111990'/>
      </properties>
    </artifact>
    <artifact classifier='osgi.bundle' id='com.python.pydev.debug' version='2.7.0.2013012902'>
      <properties size='1'>
        <property name='download.size' value='33379'/>
      </properties>
    </artifact>
    <artifact classifier='osgi.bundle' id='org.eclipse.ui.views.properties.tabbed' version='3.5.200.v20110928-1505'>
      <properties size='1'>
        <property name='download.size' value='104196'/>
      </properties>
    </artifact>
    <artifact classifier='osgi.bundle' id='com.aptana.browser' version='3.0.0.1340804502'>
      <properties size='1'>
        <property name='download.size' value='1531139'/>
      </properties>
    </artifact>
    <artifact classifier='org.eclipse.update.feature' id='com.aptana.webkitbrowser' version='1.0.0.1349745119-7A--7QhrYFqz-QRX'>
      <properties size='1'>
        <property name='download.size' value='30262'/>
      </properties>
      <repositoryProperties size='1'>
        <property name='artifact.folder' value='true'/>
      </repositoryProperties>
    </artifact>
    <artifact classifier='osgi.bundle' id='org.eclipse.ltk.core.refactoring' version='3.5.201.r372_v20111101-0700'>
      <properties size='1'>
        <property name='download.size' value='322524'/>
      </properties>
    </artifact>
    <artifact classifier='osgi.bundle' id='org.eclipse.search' version='3.7.0.v20110928-1504'>
      <properties size='1'>
        <property name='download.size' value='468641'/>
      </properties>
    </artifact>
    <artifact classifier='osgi.bundle' id='org.eclipse.equinox.security.ui' version='1.1.0.v20101004'>
      <properties size='1'>
        <property name='download.size' value='214241'/>
      </properties>
    </artifact>
    <artifact classifier='osgi.bundle' id='com.aptana.formatter.ui.epl' version='3.0.0.1348635775'>
      <properties size='1'>
        <property name='download.size' value='184409'/>
      </properties>
    </artifact>
    <artifact classifier='osgi.bundle' id='org.eclipse.equinox.ds' version='1.3.1.R37x_v20110701'>
      <properties size='1'>
        <property name='download.size' value='189350'/>
      </properties>
    </artifact>
    <artifact classifier='osgi.bundle' id='org.eclipse.ecf' version='3.1.300.v20110531-2218'>
      <properties size='1'>
        <property name='download.size' value='93248'/>
      </properties>
    </artifact>
    <artifact classifier='osgi.bundle' id='org.apache.lucene' version='2.9.1.v201101211721'>
      <properties size='1'>
        <property name='download.size' value='71018'/>
      </properties>
    </artifact>
    <artifact classifier='osgi.bundle' id='org.eclipse.swt.gtk.linux.x86_64' version='3.7.2.v3740f'>
      <properties size='1'>
        <property name='download.size' value='2485855'/>
      </properties>
    </artifact>
    <artifact classifier='osgi.bundle' id='org.eclipse.help.base' version='3.6.2.v201202080800'>
      <properties size='1'>
        <property name='download.size' value='414162'/>
      </properties>
    </artifact>
    <artifact classifier='osgi.bundle' id='org.python.pydev.customizations' version='2.7.0.2013012902'>
      <properties size='1'>
        <property name='download.size' value='118921'/>
      </properties>
      <repositoryProperties size='1'>
        <property name='artifact.folder' value='true'/>
      </repositoryProperties>
    </artifact>
    <artifact classifier='osgi.bundle' id='org.python.pydev.django' version='2.7.0.2013012902'>
      <properties size='1'>
        <property name='download.size' value='73952'/>
      </properties>
      <repositoryProperties size='1'>
        <property name='artifact.folder' value='true'/>
      </repositoryProperties>
    </artifact>
    <artifact classifier='osgi.bundle' id='org.eclipse.equinox.p2.ui.sdk.scheduler' version='1.0.100.v20110815-1419'>
      <properties size='1'>
        <property name='download.size' value='58910'/>
      </properties>
    </artifact>
    <artifact classifier='osgi.bundle' id='com.aptana.editor.idl' version='3.0.0.1352211749'>
      <properties size='1'>
        <property name='download.size' value='46769'/>
      </properties>
    </artifact>
    <artifact classifier='osgi.bundle' id='org.eclipse.core.resources' version='3.7.101.v20120125-1505'>
      <properties size='1'>
        <property name='download.size' value='807241'/>
      </properties>
    </artifact>
    <artifact classifier='osgi.bundle' id='org.eclipse.ui.externaltools' version='3.2.0.v20111007_r372'>
      <properties size='1'>
        <property name='download.size' value='135504'/>
      </properties>
    </artifact>
    <artifact classifier='osgi.bundle' id='org.apache.commons.codec' version='1.3.0.v201101211617'>
      <properties size='1'>
        <property name='download.size' value='55011'/>
      </properties>
    </artifact>
    <artifact classifier='osgi.bundle' id='org.eclipse.core.runtime' version='3.7.0.v20110110'>
      <properties size='1'>
        <property name='download.size' value='70526'/>
      </properties>
    </artifact>
    <artifact classifier='osgi.bundle' id='org.eclipse.platform.doc.user' version='3.7.1.r372_v20111202'>
      <properties size='1'>
        <property name='download.size' value='7137625'/>
      </properties>
    </artifact>
    <artifact classifier='osgi.bundle' id='com.jcraft.jsch' version='0.1.44.v201101211721'>
      <properties size='1'>
        <property name='download.size' value='199127'/>
      </properties>
    </artifact>
    <artifact classifier='osgi.bundle' id='org.eclipse.core.databinding' version='1.4.0.I20110111-0800'>
      <properties size='1'>
        <property name='download.size' value='200967'/>
      </properties>
    </artifact>
    <artifact classifier='osgi.bundle' id='org.eclipse.update.scheduler' version='3.2.300.v20100512'>
      <properties size='1'>
        <property name='download.size' value='31840'/>
      </properties>
    </artifact>
    <artifact classifier='osgi.bundle' id='com.aptana.editor.js.formatter' version='3.0.3.1346244333'>
      <properties size='1'>
        <property name='download.size' value='111150'/>
      </properties>
    </artifact>
    <artifact classifier='org.eclipse.update.feature' id='com.aptana.pydev.feature' version='2.7.0.2013012902-7g9I-8Jez0cez0LZfI'>
      <properties size='1'>
        <property name='download.size' value='9896'/>
      </properties>
      <repositoryProperties size='1'>
        <property name='artifact.folder' value='true'/>
      </repositoryProperties>
    </artifact>
    <artifact classifier='osgi.bundle' id='org.apache.lucene.core' version='2.9.1.v201101211721'>
      <properties size='1'>
        <property name='download.size' value='1168475'/>
      </properties>
    </artifact>
    <artifact classifier='osgi.bundle' id='com.aptana.jira.core' version='1.0.0.1357757363'>
      <properties size='1'>
        <property name='download.size' value='30895'/>
      </properties>
    </artifact>
    <artifact classifier='osgi.bundle' id='json.simple' version='1.1.0'>
      <properties size='1'>
        <property name='download.size' value='26589'/>
      </properties>
    </artifact>
    <artifact classifier='osgi.bundle' id='com.aptana.editor.php.epl' version='3.3.0.1344996500'>
      <properties size='1'>
        <property name='download.size' value='2244439'/>
      </properties>
    </artifact>
    <artifact classifier='osgi.bundle' id='com.aptana.ui.io.epl' version='3.0.0.1329404579'>
      <properties size='1'>
        <property name='download.size' value='19241'/>
      </properties>
    </artifact>
    <artifact classifier='osgi.bundle' id='org.eclipse.ui.navigator.resources' version='3.4.300.v20110928-1505'>
      <properties size='1'>
        <property name='download.size' value='119098'/>
      </properties>
    </artifact>
    <artifact classifier='osgi.bundle' id='com.aptana.js.debug.core' version='3.0.3.1356654747'>
      <properties size='1'>
        <property name='download.size' value='1414785'/>
      </properties>
    </artifact>
    <artifact classifier='osgi.bundle' id='com.aptana.syncing.ui' version='3.0.3.1346080293'>
      <properties size='1'>
        <property name='download.size' value='491045'/>
      </properties>
    </artifact>
    <artifact classifier='osgi.bundle' id='com.aptana.editor.svg' version='3.0.3.1340804502'>
      <properties size='1'>
        <property name='download.size' value='55761'/>
      </properties>
    </artifact>
    <artifact classifier='osgi.bundle' id='org.eclipse.ui.editors' version='3.7.0.v20110928-1504'>
      <properties size='1'>
        <property name='download.size' value='575722'/>
      </properties>
    </artifact>
    <artifact classifier='osgi.bundle' id='com.aptana.editor.haml' version='3.0.2.1340155739'>
      <properties size='1'>
        <property name='download.size' value='46199'/>
      </properties>
    </artifact>
    <artifact classifier='org.eclipse.update.feature' id='org.eclipse.equinox.p2.extras.feature' version='1.0.1.v20110906-1605-7A4FD4DiVOMap8cHSc6vPuny4gqO'>
      <properties size='1'>
        <property name='download.size' value='29818'/>
      </properties>
      <repositoryProperties size='1'>
        <property name='artifact.folder' value='true'/>
      </repositoryProperties>
    </artifact>
    <artifact classifier='osgi.bundle' id='org.eclipse.ecf.filetransfer' version='5.0.0.v20110531-2218'>
      <properties size='1'>
        <property name='download.size' value='50502'/>
      </properties>
    </artifact>
    <artifact classifier='osgi.bundle' id='com.aptana.debug.core' version='3.0.3.1356676301'>
      <properties size='1'>
        <property name='download.size' value='52463'/>
      </properties>
    </artifact>
    <artifact classifier='osgi.bundle' id='com.aptana.git.ui' version='3.0.3.1351803090'>
      <properties size='1'>
        <property name='download.size' value='350759'/>
      </properties>
    </artifact>
    <artifact classifier='osgi.bundle' id='com.aptana.index.core.ui' version='3.0.0.1340804502'>
      <properties size='1'>
        <property name='download.size' value='27497'/>
      </properties>
    </artifact>
    <artifact classifier='osgi.bundle' id='com.aptana.editor.common.override' version='1.0.0.201302081500'>
      <properties size='1'>
        <property name='download.size' value='5012'/>
      </properties>
    </artifact>
    <artifact classifier='osgi.bundle' id='org.eclipse.equinox.preferences' version='3.4.2.v20120111-2020'>
      <properties size='1'>
        <property name='download.size' value='113791'/>
      </properties>
    </artifact>
    <artifact classifier='osgi.bundle' id='com.python.pydev.fastparser' version='2.7.0.2013012902'>
      <properties size='1'>
        <property name='download.size' value='13102'/>
      </properties>
      <repositoryProperties size='1'>
        <property name='artifact.folder' value='true'/>
      </repositoryProperties>
    </artifact>
    <artifact classifier='osgi.bundle' id='org.eclipse.ltk.ui.refactoring' version='3.6.0.v20110928-1453'>
      <properties size='1'>
        <property name='download.size' value='454434'/>
      </properties>
    </artifact>
    <artifact classifier='osgi.bundle' id='com.aptana.parsing' version='3.0.0.1352238994'>
      <properties size='1'>
        <property name='download.size' value='997342'/>
      </properties>
      <repositoryProperties size='1'>
        <property name='artifact.folder' value='true'/>
      </repositoryProperties>
    </artifact>
    <artifact classifier='osgi.bundle' id='com.aptana.ide.libraries.subscription' version='2.0.3.1337629270'>
      <properties size='1'>
        <property name='download.size' value='1410058'/>
      </properties>
      <repositoryProperties size='1'>
        <property name='artifact.folder' value='true'/>
      </repositoryProperties>
    </artifact>
    <artifact classifier='osgi.bundle' id='com.aptana.editor.ruby.formatter.epl' version='3.0.2.1346879409'>
      <properties size='1'>
        <property name='download.size' value='78523'/>
      </properties>
    </artifact>
    <artifact classifier='osgi.bundle' id='org.radrails.rails.core' version='3.0.2.1345651386'>
      <properties size='1'>
        <property name='download.size' value='14605'/>
      </properties>
    </artifact>
    <artifact classifier='osgi.bundle' id='org.eclipse.swt' version='3.7.2.v3740f'>
      <properties size='1'>
        <property name='download.size' value='17332'/>
      </properties>
    </artifact>
    <artifact classifier='osgi.bundle' id='org.apache.jasper' version='5.5.17.v201101211617'>
      <properties size='1'>
        <property name='download.size' value='1722563'/>
      </properties>
    </artifact>
    <artifact classifier='osgi.bundle' id='com.aptana.editor.yaml' version='3.0.0.1352211749'>
      <properties size='1'>
        <property name='download.size' value='61846'/>
      </properties>
    </artifact>
    <artifact classifier='org.eclipse.update.feature' id='org.radrails.rails' version='3.3.0.201302081457-7e-7Q7f5FNRL5MVO'>
      <properties size='1'>
        <property name='download.size' value='30638'/>
      </properties>
      <repositoryProperties size='1'>
        <property name='artifact.folder' value='true'/>
      </repositoryProperties>
    </artifact>
    <artifact classifier='osgi.bundle' id='org.eclipse.ui.presentations.r21' version='3.2.200.I20100517-1500'>
      <properties size='1'>
        <property name='download.size' value='99350'/>
      </properties>
    </artifact>
    <artifact classifier='osgi.bundle' id='org.eclipse.jface.databinding' version='1.5.0.I20100907-0800'>
      <properties size='1'>
        <property name='download.size' value='275458'/>
      </properties>
    </artifact>
    <artifact classifier='osgi.bundle' id='org.eclipse.ui.net' version='1.2.100.v20111208-1155'>
      <properties size='1'>
        <property name='download.size' value='47732'/>
      </properties>
    </artifact>
    <artifact classifier='osgi.bundle' id='com.aptana.git.core' version='3.0.0.1350339236'>
      <properties size='1'>
        <property name='download.size' value='201804'/>
      </properties>
      <repositoryProperties size='1'>
        <property name='artifact.folder' value='true'/>
      </repositoryProperties>
    </artifact>
    <artifact classifier='osgi.bundle' id='org.eclipse.core.variables' version='3.2.500.v20110928-1503'>
      <properties size='1'>
        <property name='download.size' value='33061'/>
      </properties>
    </artifact>
    <artifact classifier='osgi.bundle' id='com.aptana.editor.markdown' version='3.0.0.1337406272'>
      <properties size='1'>
        <property name='download.size' value='29638'/>
      </properties>
    </artifact>
    <artifact classifier='osgi.bundle' id='org.eclipse.equinox.concurrent' version='1.0.200.v20110502'>
      <properties size='1'>
        <property name='download.size' value='19906'/>
      </properties>
    </artifact>
    <artifact classifier='osgi.bundle' id='com.aptana.editor.sass' version='3.0.2.1345142026'>
      <properties size='1'>
        <property name='download.size' value='42686'/>
      </properties>
    </artifact>
    <artifact classifier='osgi.bundle' id='com.aptana.editor.erb' version='3.0.3.1352211861'>
      <properties size='1'>
        <property name='download.size' value='56438'/>
      </properties>
    </artifact>
    <artifact classifier='osgi.bundle' id='org.eclipse.jface' version='3.7.0.v20110928-1505'>
      <properties size='1'>
        <property name='download.size' value='1077135'/>
      </properties>
    </artifact>
    <artifact classifier='osgi.bundle' id='javax.servlet.jsp' version='2.0.0.v201101211617'>
      <properties size='1'>
        <property name='download.size' value='63887'/>
      </properties>
    </artifact>
    <artifact classifier='osgi.bundle' id='org.eclipse.core.expressions' version='3.4.300.v20110228'>
      <properties size='1'>
        <property name='download.size' value='86992'/>
      </properties>
    </artifact>
    <artifact classifier='osgi.bundle' id='com.aptana.js.debug.v8.ui' version='3.0.0.1349739116'>
      <properties size='1'>
        <property name='download.size' value='19512'/>
      </properties>
    </artifact>
    <artifact classifier='osgi.bundle' id='org.eclipse.equinox.p2.ui' version='2.1.1.v20120113-1346'>
      <properties size='1'>
        <property name='download.size' value='514694'/>
      </properties>
    </artifact>
    <artifact classifier='osgi.bundle' id='org.eclipse.ui.browser' version='3.3.101.v20111019-1723'>
      <properties size='1'>
        <property name='download.size' value='188644'/>
      </properties>
    </artifact>
    <artifact classifier='osgi.bundle' id='com.aptana.filewatcher' version='3.0.1.1337406272'>
      <properties size='1'>
        <property name='download.size' value='372101'/>
      </properties>
    </artifact>
    <artifact classifier='osgi.bundle' id='com.aptana.rcp.studio' version='3.0.0.201302081546'>
      <properties size='1'>
        <property name='download.size' value='4567'/>
      </properties>
    </artifact>
    <artifact classifier='osgi.bundle' id='org.eclipse.core.net.linux.x86_64' version='1.1.0.I20110331-0827'>
      <properties size='1'>
        <property name='download.size' value='37753'/>
      </properties>
    </artifact>
    <artifact classifier='osgi.bundle' id='com.aptana.syncing.core' version='3.0.0.1355716199'>
      <properties size='1'>
        <property name='download.size' value='82163'/>
      </properties>
    </artifact>
    <artifact classifier='osgi.bundle' id='org.eclipse.core.runtime.compatibility.auth' version='3.2.200.v20110110'>
      <properties size='1'>
        <property name='download.size' value='22838'/>
      </properties>
    </artifact>
    <artifact classifier='osgi.bundle' id='org.eclipse.jface.text' version='3.7.2.v20111213-1208'>
      <properties size='1'>
        <property name='download.size' value='981513'/>
      </properties>
    </artifact>
    <artifact classifier='osgi.bundle' id='com.aptana.js.interactive_console' version='2.7.0.2013012902'>
      <properties size='1'>
        <property name='download.size' value='77459'/>
      </properties>
      <repositoryProperties size='1'>
        <property name='artifact.folder' value='true'/>
      </repositoryProperties>
    </artifact>
    <artifact classifier='osgi.bundle' id='org.eclipse.equinox.simpleconfigurator' version='1.0.200.v20110815-1438'>
      <properties size='1'>
        <property name='download.size' value='39528'/>
      </properties>
    </artifact>
    <artifact classifier='osgi.bundle' id='org.eclipse.equinox.registry' version='3.5.101.R37x_v20110810-1611'>
      <properties size='1'>
        <property name='download.size' value='183035'/>
      </properties>
    </artifact>
    <artifact classifier='osgi.bundle' id='com.aptana.editor.xml' version='3.0.0.1352211749'>
      <properties size='1'>
        <property name='download.size' value='103728'/>
      </properties>
    </artifact>
    <artifact classifier='osgi.bundle' id='com.aptana.editor.css' version='3.0.3.1352211749'>
      <properties size='1'>
        <property name='download.size' value='413638'/>
      </properties>
    </artifact>
    <artifact classifier='osgi.bundle' id='org.apache.ant' version='1.8.2.v20120109-1030'>
      <properties size='1'>
        <property name='download.size' value='2234025'/>
      </properties>
      <repositoryProperties size='1'>
        <property name='artifact.folder' value='true'/>
      </repositoryProperties>
    </artifact>
    <artifact classifier='osgi.bundle' id='org.eclipse.equinox.p2.operations' version='2.1.1.R37x_v20111111'>
      <properties size='1'>
        <property name='download.size' value='55483'/>
      </properties>
    </artifact>
    <artifact classifier='osgi.bundle' id='org.eclipse.equinox.p2.metadata.repository' version='1.2.0.v20110815-1419'>
      <properties size='1'>
        <property name='download.size' value='115721'/>
      </properties>
    </artifact>
    <artifact classifier='osgi.bundle' id='org.eclipse.text' version='3.5.101.v20110928-1504'>
      <properties size='1'>
        <property name='download.size' value='248183'/>
      </properties>
    </artifact>
    <artifact classifier='osgi.bundle' id='org.eclipse.core.databinding.property' version='1.4.0.I20110222-0800'>
      <properties size='1'>
        <property name='download.size' value='167964'/>
      </properties>
    </artifact>
    <artifact classifier='osgi.bundle' id='org.eclipse.equinox.p2.ui.sdk' version='1.0.200.v20110815-1419'>
      <properties size='1'>
        <property name='download.size' value='41394'/>
      </properties>
    </artifact>
    <artifact classifier='osgi.bundle' id='org.python.pydev.ast' version='2.7.0.2013012902'>
      <properties size='1'>
        <property name='download.size' value='13426'/>
      </properties>
      <repositoryProperties size='1'>
        <property name='artifact.folder' value='true'/>
      </repositoryProperties>
    </artifact>
    <artifact classifier='osgi.bundle' id='org.eclipse.equinox.p2.touchpoint.natives' version='1.0.300.v20110815-1419'>
      <properties size='1'>
        <property name='download.size' value='50205'/>
      </properties>
    </artifact>
    <artifact classifier='osgi.bundle' id='org.eclipse.core.databinding.observable' version='1.4.0.I20110222-0800'>
      <properties size='1'>
        <property name='download.size' value='296139'/>
      </properties>
    </artifact>
    <artifact classifier='org.eclipse.update.feature' id='org.eclipse.platform' version='3.7.2.v20120207-1839-9gF7UHPDFxGjd-PqDr2jX_4yKaumkoHTz04_q-q'>
      <properties size='1'>
        <property name='download.size' value='31038'/>
      </properties>
      <repositoryProperties size='1'>
        <property name='artifact.folder' value='true'/>
      </repositoryProperties>
    </artifact>
    <artifact classifier='osgi.bundle' id='org.eclipse.equinox.p2.publisher' version='1.2.0.v20110815-1419'>
      <properties size='1'>
        <property name='download.size' value='102064'/>
      </properties>
    </artifact>
    <artifact classifier='osgi.bundle' id='org.eclipse.ui.ide.application' version='1.0.300.I20110306-2000'>
      <properties size='1'>
        <property name='download.size' value='65150'/>
      </properties>
    </artifact>
    <artifact classifier='osgi.bundle' id='com.python.pydev.analysis' version='2.7.0.2013012902'>
      <properties size='1'>
        <property name='download.size' value='310400'/>
      </properties>
      <repositoryProperties size='1'>
        <property name='artifact.folder' value='true'/>
      </repositoryProperties>
    </artifact>
    <artifact classifier='osgi.bundle' id='org.eclipse.ecf.provider.filetransfer.httpclient.ssl' version='1.0.0.v20110531-2218'>
      <properties size='1'>
        <property name='download.size' value='16734'/>
      </properties>
    </artifact>
    <artifact classifier='osgi.bundle' id='org.eclipse.equinox.p2.extensionlocation' version='1.2.100.v20110815-1419'>
      <properties size='1'>
        <property name='download.size' value='34574'/>
      </properties>
    </artifact>
    <artifact classifier='osgi.bundle' id='com.aptana.editor.php.formatter' version='3.3.0.1352211917'>
      <properties size='1'>
        <property name='download.size' value='121920'/>
      </properties>
    </artifact>
    <artifact classifier='osgi.bundle' id='com.aptana.webserver.ui' version='3.0.0.1346884910'>
      <properties size='1'>
        <property name='download.size' value='66316'/>
      </properties>
    </artifact>
    <artifact classifier='osgi.bundle' id='org.apache.lucene.analysis' version='2.9.1.v201101211721'>
      <properties size='1'>
        <property name='download.size' value='216089'/>
      </properties>
    </artifact>
    <artifact classifier='osgi.bundle' id='org.eclipse.equinox.p2.core' version='2.1.1.v20120113-1346'>
      <properties size='1'>
        <property name='download.size' value='71555'/>
      </properties>
    </artifact>
    <artifact classifier='org.eclipse.update.feature' id='org.eclipse.help' version='1.3.0.v20110530-0844-7i7uFFmFFl8nvqbDpEqTvx'>
      <properties size='1'>
        <property name='download.size' value='29841'/>
      </properties>
      <repositoryProperties size='1'>
        <property name='artifact.folder' value='true'/>
      </repositoryProperties>
    </artifact>
    <artifact classifier='osgi.bundle' id='javax.servlet' version='2.5.0.v201103041518'>
      <properties size='1'>
        <property name='download.size' value='119303'/>
      </properties>
    </artifact>
    <artifact classifier='osgi.bundle' id='com.amazon.s3' version='3.0.0.1329178773'>
      <properties size='1'>
        <property name='download.size' value='49150'/>
      </properties>
    </artifact>
    <artifact classifier='org.eclipse.update.feature' id='org.eclipse.equinox.p2.core.feature' version='1.0.1.v20110906-1605-8290FZ9FVKHVRKtmx3fpNuo02129'>
      <properties size='1'>
        <property name='download.size' value='30184'/>
      </properties>
      <repositoryProperties size='1'>
        <property name='artifact.folder' value='true'/>
      </repositoryProperties>
    </artifact>
    <artifact classifier='osgi.bundle' id='com.aptana.scripting.ui' version='3.0.0.1351277876'>
      <properties size='1'>
        <property name='download.size' value='219287'/>
      </properties>
    </artifact>
    <artifact classifier='osgi.bundle' id='org.eclipse.update.configurator' version='3.3.100.v20100512'>
      <properties size='1'>
        <property name='download.size' value='99908'/>
      </properties>
    </artifact>
    <artifact classifier='osgi.bundle' id='com.aptana.filesystem.s3' version='3.0.0.1347887896'>
      <properties size='1'>
        <property name='download.size' value='38848'/>
      </properties>
    </artifact>
    <artifact classifier='org.eclipse.update.feature' id='com.aptana.feature.rcp' version='3.3.2.201302081546-7o7lFDFFFeFt3XjliNsccz0uKWj_'>
      <properties size='1'>
        <property name='download.size' value='30766'/>
      </properties>
      <repositoryProperties size='1'>
        <property name='artifact.folder' value='true'/>
      </repositoryProperties>
    </artifact>
    <artifact classifier='osgi.bundle' id='com.aptana.commandline.launcher' version='3.0.3.1346080293'>
      <properties size='1'>
        <property name='download.size' value='34648'/>
      </properties>
    </artifact>
    <artifact classifier='osgi.bundle' id='com.aptana.ide.security.linux' version='2.0.0.1346890119'>
      <properties size='1'>
        <property name='download.size' value='30821'/>
      </properties>
    </artifact>
    <artifact classifier='osgi.bundle' id='com.python.pydev' version='2.7.0.2013012902'>
      <properties size='1'>
        <property name='download.size' value='112485'/>
      </properties>
      <repositoryProperties size='1'>
        <property name='artifact.folder' value='true'/>
      </repositoryProperties>
    </artifact>
    <artifact classifier='osgi.bundle' id='org.eclipse.debug.core' version='3.7.1.v20111129-2031'>
      <properties size='1'>
        <property name='download.size' value='344544'/>
      </properties>
    </artifact>
    <artifact classifier='osgi.bundle' id='org.eclipse.equinox.util' version='1.0.300.v20110502'>
      <properties size='1'>
        <property name='download.size' value='76820'/>
      </properties>
    </artifact>
    <artifact classifier='osgi.bundle' id='com.aptana.jira.ui' version='1.0.0.1358484105'>
      <properties size='1'>
        <property name='download.size' value='65028'/>
      </properties>
    </artifact>
    <artifact classifier='osgi.bundle' id='org.eclipse.osgi' version='3.7.2.v20120110-1415'>
      <properties size='1'>
        <property name='download.size' value='1364409'/>
      </properties>
    </artifact>
    <artifact classifier='osgi.bundle' id='org.eclipse.equinox.simpleconfigurator.manipulator' version='2.0.0.v20110815-1438'>
      <properties size='1'>
        <property name='download.size' value='22852'/>
      </properties>
    </artifact>
    <artifact classifier='osgi.bundle' id='org.apache.commons.logging' version='1.0.4.v201101211617'>
      <properties size='1'>
        <property name='download.size' value='45405'/>
      </properties>
    </artifact>
    <artifact classifier='osgi.bundle' id='com.aptana.ui.override' version='1.0.0.201302081500'>
      <properties size='1'>
        <property name='download.size' value='4952'/>
      </properties>
    </artifact>
    <artifact classifier='osgi.bundle' id='com.aptana.ruby.core' version='3.0.2.1352211861'>
      <properties size='1'>
        <property name='download.size' value='152757'/>
      </properties>
    </artifact>
    <artifact classifier='osgi.bundle' id='com.aptana.editor.diff' version='3.0.0.1337406272'>
      <properties size='1'>
        <property name='download.size' value='26959'/>
      </properties>
    </artifact>
    <artifact classifier='osgi.bundle' id='org.python.pydev.refactoring' version='2.7.0.2013012902'>
      <properties size='1'>
        <property name='download.size' value='332180'/>
      </properties>
      <repositoryProperties size='1'>
        <property name='artifact.folder' value='true'/>
      </repositoryProperties>
    </artifact>
    <artifact classifier='osgi.bundle' id='org.eclipse.ecf.provider.filetransfer' version='3.2.0.v20110531-2218'>
      <properties size='1'>
        <property name='download.size' value='126827'/>
      </properties>
    </artifact>
    <artifact classifier='osgi.bundle' id='org.eclipse.ui.intro' version='3.4.100.v20110425'>
      <properties size='1'>
        <property name='download.size' value='308537'/>
      </properties>
    </artifact>
    <artifact classifier='osgi.bundle' id='com.aptana.editor.php' version='3.3.0.1352211917'>
      <properties size='1'>
        <property name='download.size' value='836487'/>
      </properties>
    </artifact>
    <artifact classifier='osgi.bundle' id='org.eclipse.jsch.ui' version='1.1.300.R37x_v20111201-1600'>
      <properties size='1'>
        <property name='download.size' value='88911'/>
      </properties>
    </artifact>
    <artifact classifier='osgi.bundle' id='org.python.pydev.help' version='2.7.0.2013012902'>
      <properties size='1'>
        <property name='download.size' value='10243'/>
      </properties>
      <repositoryProperties size='1'>
        <property name='artifact.folder' value='true'/>
      </repositoryProperties>
    </artifact>
    <artifact classifier='osgi.bundle' id='org.eclipse.equinox.p2.artifact.repository' version='1.1.101.v20110815-1419'>
      <properties size='1'>
        <property name='download.size' value='133689'/>
      </properties>
    </artifact>
    <artifact classifier='osgi.bundle' id='com.aptana.editor.dtd' version='3.0.0.1352211749'>
      <properties size='1'>
        <property name='download.size' value='58057'/>
      </properties>
    </artifact>
    <artifact classifier='osgi.bundle' id='org.python.pydev.red_core' version='2.7.0.2013012902'>
      <properties size='1'>
        <property name='download.size' value='32899'/>
      </properties>
      <repositoryProperties size='1'>
        <property name='artifact.folder' value='true'/>
      </repositoryProperties>
    </artifact>
    <artifact classifier='osgi.bundle' id='com.aptana.editor.findbar.override' version='1.0.0.201302081500'>
      <properties size='1'>
        <property name='download.size' value='5146'/>
      </properties>
    </artifact>
    <artifact classifier='osgi.bundle' id='org.eclipse.equinox.p2.repository' version='2.1.1.v20120113-1346'>
      <properties size='1'>
        <property name='download.size' value='127900'/>
      </properties>
    </artifact>
    <artifact classifier='osgi.bundle' id='com.aptana.theme' version='3.0.0.1347655866'>
      <properties size='1'>
        <property name='download.size' value='202008'/>
      </properties>
    </artifact>
    <artifact classifier='osgi.bundle' id='org.eclipse.ui.ide' version='3.7.0.v20110928-1505'>
      <properties size='1'>
        <property name='download.size' value='2339393'/>
      </properties>
    </artifact>
    <artifact classifier='osgi.bundle' id='com.aptana.editor.html' version='3.0.3.1352211749'>
      <properties size='1'>
        <property name='download.size' value='363561'/>
      </properties>
    </artifact>
    <artifact classifier='osgi.bundle' id='org.eclipse.equinox.p2.transport.ecf' version='1.0.0.v20111128-0624'>
      <properties size='1'>
        <property name='download.size' value='38812'/>
      </properties>
    </artifact>
    <artifact classifier='osgi.bundle' id='com.aptana.scripting.ui.override' version='1.0.0.201302081500'>
      <properties size='1'>
        <property name='download.size' value='4807'/>
      </properties>
    </artifact>
    <artifact classifier='osgi.bundle' id='com.aptana.ui.secureftp' version='3.0.0.1337406272'>
      <properties size='1'>
        <property name='download.size' value='66357'/>
      </properties>
    </artifact>
    <artifact classifier='osgi.bundle' id='org.apache.commons.el' version='1.0.0.v201101211617'>
      <properties size='1'>
        <property name='download.size' value='128684'/>
      </properties>
    </artifact>
    <artifact classifier='osgi.bundle' id='org.eclipse.equinox.p2.reconciler.dropins' version='1.1.100.v20110815-1419'>
      <properties size='1'>
        <property name='download.size' value='47420'/>
      </properties>
    </artifact>
    <artifact classifier='osgi.bundle' id='org.eclipse.ui.views' version='3.6.0.v20110928-1505'>
      <properties size='1'>
        <property name='download.size' value='90155'/>
      </properties>
    </artifact>
    <artifact classifier='osgi.bundle' id='org.eclipse.equinox.p2.metadata' version='2.1.0.v20110815-1419'>
      <properties size='1'>
        <property name='download.size' value='339099'/>
      </properties>
    </artifact>
    <artifact classifier='osgi.bundle' id='com.aptana.editor.coffee' version='3.0.0.1352211749'>
      <properties size='1'>
        <property name='download.size' value='131591'/>
      </properties>
    </artifact>
    <artifact classifier='osgi.bundle' id='com.aptana.deploy.epl' version='3.0.0.1339628739'>
      <properties size='1'>
        <property name='download.size' value='25327'/>
      </properties>
    </artifact>
    <artifact classifier='osgi.bundle' id='org.eclipse.equinox.launcher' version='1.2.0.v20110502'>
      <properties size='1'>
        <property name='download.size' value='47262'/>
      </properties>
    </artifact>
    <artifact classifier='osgi.bundle' id='org.jruby' version='1.6.4.1331328108'>
      <properties size='1'>
        <property name='download.size' value='12952954'/>
      </properties>
      <repositoryProperties size='1'>
        <property name='artifact.folder' value='true'/>
      </repositoryProperties>
    </artifact>
    <artifact classifier='osgi.bundle' id='com.aptana.workbench' version='3.0.0.1346080293'>
      <properties size='1'>
        <property name='download.size' value='85975'/>
      </properties>
    </artifact>
    <artifact classifier='osgi.bundle' id='org.eclipse.equinox.app' version='1.3.100.v20110321'>
      <properties size='1'>
        <property name='download.size' value='85218'/>
      </properties>
    </artifact>
    <artifact classifier='osgi.bundle' id='org.eclipse.equinox.frameworkadmin.equinox' version='1.0.300.v20110815-1438'>
      <properties size='1'>
        <property name='download.size' value='61105'/>
      </properties>
    </artifact>
    <artifact classifier='osgi.bundle' id='org.eclipse.rcp' version='3.7.2.v201202080800'>
      <properties size='1'>
        <property name='download.size' value='14149'/>
      </properties>
    </artifact>
    <artifact classifier='osgi.bundle' id='org.eclipse.equinox.p2.directorywatcher' version='1.0.300.v20110815-1419'>
      <properties size='1'>
        <property name='download.size' value='32571'/>
      </properties>
    </artifact>
    <artifact classifier='osgi.bundle' id='org.python.pydev.parser' version='2.7.0.2013012902'>
      <properties size='1'>
        <property name='download.size' value='887568'/>
      </properties>
      <repositoryProperties size='1'>
        <property name='artifact.folder' value='true'/>
      </repositoryProperties>
    </artifact>
    <artifact classifier='osgi.bundle' id='com.aptana.editor.xml.formatter' version='3.0.0.1341616068'>
      <properties size='1'>
        <property name='download.size' value='39133'/>
      </properties>
    </artifact>
    <artifact classifier='osgi.bundle' id='org.eclipse.equinox.p2.touchpoint.eclipse' version='2.1.1.v20110815-1419'>
      <properties size='1'>
        <property name='download.size' value='123274'/>
      </properties>
    </artifact>
    <artifact classifier='osgi.bundle' id='com.aptana.filesystem.ftp' version='3.0.0.1340804502'>
      <properties size='1'>
        <property name='download.size' value='62369'/>
      </properties>
    </artifact>
    <artifact classifier='org.eclipse.update.feature' id='org.eclipse.equinox.p2.rcp.feature' version='1.0.1.v20110906-1605-782EqBqNKGVkiV-PUsgz-uny4gqO'>
      <properties size='1'>
        <property name='download.size' value='29743'/>
      </properties>
      <repositoryProperties size='1'>
        <property name='artifact.folder' value='true'/>
      </repositoryProperties>
    </artifact>
    <artifact classifier='org.eclipse.update.feature' id='com.aptana.feature.studio' version='3.3.2.201302081500-7G7F17UIS_IYK7UrNh8biKtz0dax'>
      <properties size='1'>
        <property name='download.size' value='30583'/>
      </properties>
      <repositoryProperties size='1'>
        <property name='artifact.folder' value='true'/>
      </repositoryProperties>
    </artifact>
    <artifact classifier='osgi.bundle' id='org.eclipse.core.runtime.compatibility' version='3.2.100.v20100505'>
      <properties size='1'>
        <property name='download.size' value='92809'/>
      </properties>
    </artifact>
    <artifact classifier='osgi.bundle' id='org.eclipse.equinox.p2.console' version='1.0.300.v20110815-1419'>
      <properties size='1'>
        <property name='download.size' value='26965'/>
      </properties>
    </artifact>
    <artifact classifier='osgi.bundle' id='org.eclipse.equinox.frameworkadmin' version='2.0.0.v20110815-1438'>
      <properties size='1'>
        <property name='download.size' value='34991'/>
      </properties>
    </artifact>
    <artifact classifier='osgi.bundle' id='org.eclipse.equinox.p2.publisher.eclipse' version='1.0.0.v20110815-1438'>
      <properties size='1'>
        <property name='download.size' value='198287'/>
      </properties>
      <repositoryProperties size='1'>
        <property name='artifact.folder' value='true'/>
      </repositoryProperties>
    </artifact>
    <artifact classifier='osgi.bundle' id='org.python.pydev.jython' version='2.7.0.2013012902'>
      <properties size='1'>
        <property name='download.size' value='2299370'/>
      </properties>
      <repositoryProperties size='1'>
        <property name='artifact.folder' value='true'/>
      </repositoryProperties>
    </artifact>
    <artifact classifier='osgi.bundle' id='org.eclipse.ui.workbench.compatibility' version='3.2.100.I20110413-1600'>
      <properties size='1'>
        <property name='download.size' value='13880'/>
      </properties>
      <repositoryProperties size='1'>
        <property name='artifact.folder' value='true'/>
      </repositoryProperties>
    </artifact>
    <artifact classifier='osgi.bundle' id='org.eclipse.osgi.services' version='3.3.0.v20110513'>
      <properties size='1'>
        <property name='download.size' value='71157'/>
      </properties>
    </artifact>
    <artifact classifier='osgi.bundle' id='org.eclipse.compare.core' version='3.5.200.I20110208-0800'>
      <properties size='1'>
        <property name='download.size' value='61780'/>
      </properties>
    </artifact>
    <artifact classifier='osgi.bundle' id='org.eclipse.equinox.jsp.jasper.registry' version='1.0.200.v20100503'>
      <properties size='1'>
        <property name='download.size' value='11131'/>
      </properties>
    </artifact>
    <artifact classifier='osgi.bundle' id='com.aptana.org.eclipse.tm.terminal' version='3.1.0.1347109273'>
      <properties size='1'>
        <property name='download.size' value='177460'/>
      </properties>
    </artifact>
    <artifact classifier='osgi.bundle' id='com.aptana.formatter.epl' version='3.2.0.1341615906'>
      <properties size='1'>
        <property name='download.size' value='132050'/>
      </properties>
    </artifact>
    <artifact classifier='osgi.bundle' id='com.aptana.editor.html.formatter' version='3.0.3.1341616068'>
      <properties size='1'>
        <property name='download.size' value='63928'/>
      </properties>
    </artifact>
    <artifact classifier='osgi.bundle' id='com.aptana.samples' version='3.0.0.1340804502'>
      <properties size='1'>
        <property name='download.size' value='38714'/>
      </properties>
    </artifact>
    <artifact classifier='osgi.bundle' id='com.aptana.jetty.util.epl' version='3.0.0.1337703431'>
      <properties size='1'>
        <property name='download.size' value='65545'/>
      </properties>
    </artifact>
    <artifact classifier='osgi.bundle' id='org.eclipse.equinox.p2.repository.tools' version='2.0.100.v20110815-1438'>
      <properties size='1'>
        <property name='download.size' value='232685'/>
      </properties>
    </artifact>
    <artifact classifier='osgi.bundle' id='com.aptana.index.core' version='3.0.0.1353955766'>
      <properties size='1'>
        <property name='download.size' value='87344'/>
      </properties>
    </artifact>
    <artifact classifier='osgi.bundle' id='org.eclipse.equinox.security' version='1.1.1.R37x_v20110822-1018'>
      <properties size='1'>
        <property name='download.size' value='106105'/>
      </properties>
    </artifact>
    <artifact classifier='osgi.bundle' id='com.aptana.ruby.rake' version='3.0.0.1332171281'>
      <properties size='1'>
        <property name='download.size' value='27377'/>
      </properties>
    </artifact>
    <artifact classifier='osgi.bundle' id='com.aptana.webserver.core' version='3.0.0.1350314522'>
      <properties size='1'>
        <property name='download.size' value='58924'/>
      </properties>
    </artifact>
    <artifact classifier='osgi.bundle' id='com.aptana.swt.webkitbrowser.linux.x86_64' version='1.0.0.1349745119'>
      <properties size='1'>
        <property name='download.size' value='17630867'/>
      </properties>
      <repositoryProperties size='1'>
        <property name='artifact.folder' value='true'/>
      </repositoryProperties>
    </artifact>
    <artifact classifier='osgi.bundle' id='org.eclipse.equinox.p2.updatesite' version='1.0.300.v20110815-1419'>
      <properties size='1'>
        <property name='download.size' value='82550'/>
      </properties>
    </artifact>
    <artifact classifier='osgi.bundle' id='org.eclipse.compare' version='3.5.202.R37x_v20111109-0800'>
      <properties size='1'>
        <property name='download.size' value='735048'/>
      </properties>
    </artifact>
    <artifact classifier='osgi.bundle' id='com.aptana.scripting' version='3.0.0.1355767092'>
      <properties size='1'>
        <property name='download.size' value='3620866'/>
      </properties>
    </artifact>
    <artifact classifier='osgi.bundle' id='com.aptana.build.ui' version='3.0.0.1342114703'>
      <properties size='1'>
        <property name='download.size' value='16554'/>
      </properties>
    </artifact>
    <artifact classifier='osgi.bundle' id='com.aptana.explorer' version='3.0.0.1351865743'>
      <properties size='1'>
        <property name='download.size' value='161840'/>
      </properties>
    </artifact>
    <artifact classifier='osgi.bundle' id='com.aptana.deploy.ftp' version='3.0.3.1342747641'>
      <properties size='1'>
        <property name='download.size' value='36466'/>
      </properties>
    </artifact>
    <artifact classifier='osgi.bundle' id='org.eclipse.core.filesystem' version='1.3.100.v20110423-0524'>
      <properties size='1'>
        <property name='download.size' value='53218'/>
      </properties>
    </artifact>
    <artifact classifier='osgi.bundle' id='com.aptana.libraries' version='3.0.0.1346444124'>
      <properties size='1'>
        <property name='download.size' value='2494242'/>
      </properties>
      <repositoryProperties size='1'>
        <property name='artifact.folder' value='true'/>
      </repositoryProperties>
    </artifact>
    <artifact classifier='osgi.bundle' id='org.sat4j.core' version='2.3.0.v20110329'>
      <properties size='1'>
        <property name='download.size' value='210700'/>
      </properties>
    </artifact>
    <artifact classifier='osgi.bundle' id='com.aptana.projects' version='3.0.0.1352334623'>
      <properties size='1'>
        <property name='download.size' value='113040'/>
      </properties>
    </artifact>
    <artifact classifier='osgi.bundle' id='com.aptana.buildpath.core' version='3.1.0.1353955766'>
      <properties size='1'>
        <property name='download.size' value='60935'/>
      </properties>
    </artifact>
    <artifact classifier='osgi.bundle' id='com.aptana.deploy.ui' version='1.0.0.1354838688'>
      <properties size='1'>
        <property name='download.size' value='30043'/>
      </properties>
    </artifact>
    <artifact classifier='osgi.bundle' id='com.aptana.filesystem.secureftp' version='3.0.0.1339455718'>
      <properties size='1'>
        <property name='download.size' value='67155'/>
      </properties>
    </artifact>
    <artifact classifier='osgi.bundle' id='org.eclipse.ui.forms' version='3.5.101.v20111011-1919'>
      <properties size='1'>
        <property name='download.size' value='300905'/>
      </properties>
    </artifact>
    <artifact classifier='osgi.bundle' id='org.eclipse.help.ui' version='3.5.101.r37_20110819'>
      <properties size='1'>
        <property name='download.size' value='509522'/>
      </properties>
    </artifact>
    <artifact classifier='osgi.bundle' id='org.python.pydev.django_templates' version='2.7.0.2013012902'>
      <properties size='1'>
        <property name='download.size' value='68579'/>
      </properties>
      <repositoryProperties size='1'>
        <property name='artifact.folder' value='true'/>
      </repositoryProperties>
    </artifact>
    <artifact classifier='osgi.bundle' id='com.aptana.js.debug.ui' version='3.0.0.1346080293'>
      <properties size='1'>
        <property name='download.size' value='268547'/>
      </properties>
    </artifact>
    <artifact classifier='osgi.bundle' id='org.eclipse.core.databinding.beans' version='1.2.100.I20100824-0800'>
      <properties size='1'>
        <property name='download.size' value='75419'/>
      </properties>
    </artifact>
    <artifact classifier='osgi.bundle' id='org.w3c.css' version='3.0.0.1308864319'>
      <properties size='1'>
        <property name='download.size' value='2488711'/>
      </properties>
    </artifact>
    <artifact classifier='osgi.bundle' id='org.eclipse.ui.workbench' version='3.7.1.v20120104-1859'>
      <properties size='1'>
        <property name='download.size' value='4166247'/>
      </properties>
    </artifact>
    <artifact classifier='osgi.bundle' id='org.eclipse.equinox.http.servlet' version='1.1.200.v20110502'>
      <properties size='1'>
        <property name='download.size' value='42552'/>
      </properties>
    </artifact>
    <artifact classifier='osgi.bundle' id='org.eclipse.ui.navigator' version='3.5.101.v20120106-1355'>
      <properties size='1'>
        <property name='download.size' value='404931'/>
      </properties>
    </artifact>
    <artifact classifier='osgi.bundle' id='org.radrails.rails.ui' version='3.0.2.1345651386'>
      <properties size='1'>
        <property name='download.size' value='58857'/>
      </properties>
    </artifact>
    <artifact classifier='osgi.bundle' id='org.eclipse.ui.cheatsheets' version='3.4.100.v20110425'>
      <properties size='1'>
        <property name='download.size' value='328979'/>
      </properties>
    </artifact>
    <artifact classifier='osgi.bundle' id='com.aptana.editor.js' version='3.0.3.1355869080'>
      <properties size='1'>
        <property name='download.size' value='946628'/>
      </properties>
    </artifact>
    <artifact classifier='osgi.bundle' id='com.aptana.configurations' version='3.0.3.1340804502'>
      <properties size='1'>
        <property name='download.size' value='43625'/>
      </properties>
    </artifact>
    <artifact classifier='osgi.bundle' id='com.aptana.ui.epl' version='3.0.0.1355872193'>
      <properties size='1'>
        <property name='download.size' value='262044'/>
      </properties>
    </artifact>
    <artifact classifier='osgi.bundle' id='org.eclipse.update.core' version='3.2.500.v20110330'>
      <properties size='1'>
        <property name='download.size' value='595825'/>
      </properties>
    </artifact>
    <artifact classifier='osgi.bundle' id='com.aptana.portal.ui.eclipse36' version='3.0.0.1337406272'>
      <properties size='1'>
        <property name='download.size' value='28993'/>
      </properties>
    </artifact>
    <artifact classifier='osgi.bundle' id='org.eclipse.equinox.p2.garbagecollector' version='1.0.200.v20110815-1419'>
      <properties size='1'>
        <property name='download.size' value='25002'/>
      </properties>
    </artifact>
    <artifact classifier='osgi.bundle' id='com.aptana.deploy.capistrano' version='3.0.3.1357340424'>
      <properties size='1'>
        <property name='download.size' value='36006'/>
      </properties>
    </artifact>
    <artifact classifier='osgi.bundle' id='org.eclipse.equinox.p2.engine' version='2.1.1.R37x_v20111003'>
      <properties size='1'>
        <property name='download.size' value='184966'/>
      </properties>
    </artifact>
    <artifact classifier='osgi.bundle' id='com.aptana.php.libraries' version='3.0.0.2'>
      <properties size='1'>
        <property name='download.size' value='2320716'/>
      </properties>
      <repositoryProperties size='1'>
        <property name='artifact.folder' value='true'/>
      </repositoryProperties>
    </artifact>
    <artifact classifier='osgi.bundle' id='org.eclipse.core.externaltools' version='1.0.100.v20111007_r372'>
      <properties size='1'>
        <property name='download.size' value='39712'/>
      </properties>
    </artifact>
    <artifact classifier='osgi.bundle' id='com.aptana.core.epl' version='3.0.0.1344341997'>
      <properties size='1'>
        <property name='download.size' value='57081'/>
      </properties>
    </artifact>
    <artifact classifier='org.eclipse.update.feature' id='org.eclipse.equinox.p2.user.ui' version='2.1.2.R37x_v20110815-1155-6-Bk8pYWZz0qUTX5I15GZWwbXkrl'>
      <properties size='1'>
        <property name='download.size' value='29784'/>
      </properties>
      <repositoryProperties size='1'>
        <property name='artifact.folder' value='true'/>
      </repositoryProperties>
    </artifact>
    <artifact classifier='osgi.bundle' id='com.aptana.filesystem.http' version='3.0.0.1347887896'>
      <properties size='1'>
        <property name='download.size' value='24557'/>
      </properties>
    </artifact>
    <artifact classifier='osgi.bundle' id='org.eclipse.ecf.ssl' version='1.0.100.v20110531-2218'>
      <properties size='1'>
        <property name='download.size' value='11558'/>
      </properties>
    </artifact>
    <artifact classifier='osgi.bundle' id='org.eclipse.core.commands' version='3.6.0.I20110111-0800'>
      <properties size='1'>
        <property name='download.size' value='107303'/>
      </properties>
    </artifact>
    <artifact classifier='osgi.bundle' id='com.aptana.php.debug' version='3.3.0.1344996500'>
      <properties size='1'>
        <property name='download.size' value='130924'/>
      </properties>
    </artifact>
    <artifact classifier='osgi.bundle' id='org.eclipse.debug.ui' version='3.7.102.v20111129-1423_r372'>
      <properties size='1'>
        <property name='download.size' value='2578664'/>
      </properties>
    </artifact>
    <artifact classifier='osgi.bundle' id='com.aptana.editor.findbar' version='3.0.0.1352400688'>
      <properties size='1'>
        <property name='download.size' value='154142'/>
      </properties>
    </artifact>
    <artifact classifier='osgi.bundle' id='com.aptana.core.io' version='3.0.3.1355781145'>
      <properties size='1'>
        <property name='download.size' value='122821'/>
      </properties>
    </artifact>
    <artifact classifier='osgi.bundle' id='com.python.pydev.codecompletion' version='2.7.0.2013012902'>
      <properties size='1'>
        <property name='download.size' value='34826'/>
      </properties>
      <repositoryProperties size='1'>
        <property name='artifact.folder' value='true'/>
      </repositoryProperties>
    </artifact>
    <artifact classifier='osgi.bundle' id='com.aptana.portal.ui' version='3.0.0.1351374301'>
      <properties size='1'>
        <property name='download.size' value='305427'/>
      </properties>
    </artifact>
    <artifact classifier='osgi.bundle' id='org.eclipse.core.contenttype' version='3.4.100.v20110423-0524'>
      <properties size='1'>
        <property name='download.size' value='91961'/>
      </properties>
    </artifact>
    <artifact classifier='osgi.bundle' id='com.aptana.branding' version='3.3.2.1358388697'>
      <properties size='1'>
        <property name='download.size' value='30989'/>
      </properties>
      <repositoryProperties size='1'>
        <property name='artifact.folder' value='true'/>
      </repositoryProperties>
    </artifact>
    <artifact classifier='osgi.bundle' id='com.aptana.usage' version='3.0.0.1360362099'>
      <properties size='1'>
        <property name='download.size' value='50894'/>
      </properties>
    </artifact>
    <artifact classifier='org.eclipse.update.feature' id='org.eclipse.rcp' version='3.7.2.v20120120-1424-9DB5FmnFq5JCf1UA38R-kz0S0272'>
      <properties size='1'>
        <property name='download.size' value='30541'/>
      </properties>
      <repositoryProperties size='1'>
        <property name='artifact.folder' value='true'/>
      </repositoryProperties>
    </artifact>
    <artifact classifier='osgi.bundle' id='com.aptana.ui.io' version='3.0.0.1351720970'>
      <properties size='1'>
        <property name='download.size' value='332705'/>
      </properties>
    </artifact>
    <artifact classifier='osgi.bundle' id='com.aptana.editor.epl' version='3.0.0.1329404579'>
      <properties size='1'>
        <property name='download.size' value='30234'/>
      </properties>
    </artifact>
    <artifact classifier='osgi.bundle' id='com.aptana.ruby.debug.core' version='3.0.2.1345831522'>
      <properties size='1'>
        <property name='download.size' value='188040'/>
      </properties>
    </artifact>
    <artifact classifier='org.eclipse.update.feature' id='com.aptana.feature' version='3.3.2.1360362099-BP7P8KBebMgUAf1mu1DC44EXt-dS'>
      <properties size='1'>
        <property name='download.size' value='31719'/>
      </properties>
      <repositoryProperties size='1'>
        <property name='artifact.folder' value='true'/>
      </repositoryProperties>
    </artifact>
    <artifact classifier='osgi.bundle' id='org.eclipse.equinox.p2.director' version='2.1.1.v20111126-0211'>
      <properties size='1'>
        <property name='download.size' value='95160'/>
      </properties>
    </artifact>
    <artifact classifier='osgi.bundle' id='com.aptana.editor.common' version='3.0.3.1352730601'>
      <properties size='1'>
        <property name='download.size' value='746282'/>
      </properties>
    </artifact>
    <artifact classifier='osgi.bundle' id='com.aptana.editor.json' version='3.0.0.1352211749'>
      <properties size='1'>
        <property name='download.size' value='79123'/>
      </properties>
    </artifact>
    <artifact classifier='osgi.bundle' id='org.eclipse.equinox.p2.ql' version='2.0.100.v20110815-1419'>
      <properties size='1'>
        <property name='download.size' value='8045'/>
      </properties>
    </artifact>
    <artifact classifier='osgi.bundle' id='org.eclipse.core.boot' version='3.1.200.v20100505'>
      <properties size='1'>
        <property name='download.size' value='6261'/>
      </properties>
    </artifact>
    <artifact classifier='osgi.bundle' id='com.aptana.rcp' version='3.3.2.201302081546'>
      <properties size='1'>
        <property name='download.size' value='1910651'/>
      </properties>
    </artifact>
    <artifact classifier='osgi.bundle' id='org.eclipse.platform' version='3.7.2.v201202080800'>
      <properties size='1'>
        <property name='download.size' value='338273'/>
      </properties>
      <repositoryProperties size='1'>
        <property name='artifact.folder' value='true'/>
      </repositoryProperties>
    </artifact>
    <artifact classifier='osgi.bundle' id='org.eclipse.equinox.http.jetty' version='2.0.100.v20110502'>
      <properties size='1'>
        <property name='download.size' value='24884'/>
      </properties>
    </artifact>
    <artifact classifier='osgi.bundle' id='org.eclipse.team.ui' version='3.6.101.R37x_v20111109-0800'>
      <properties size='1'>
        <property name='download.size' value='1440823'/>
      </properties>
    </artifact>
    <artifact classifier='osgi.bundle' id='org.eclipse.help.appserver' version='3.1.400.v20110425'>
      <properties size='1'>
        <property name='download.size' value='18311'/>
      </properties>
    </artifact>
    <artifact classifier='osgi.bundle' id='org.mozilla.rhino' version='1.7.4.1340809267'>
      <properties size='1'>
        <property name='download.size' value='1176094'/>
      </properties>
    </artifact>
    <artifact classifier='osgi.bundle' id='com.aptana.samples.ui' version='3.0.0.1349746898'>
      <properties size='1'>
        <property name='download.size' value='41697'/>
      </properties>
    </artifact>
    <artifact classifier='osgi.bundle' id='com.aptana.ui.s3' version='3.0.0.1337406272'>
      <properties size='1'>
        <property name='download.size' value='63650'/>
      </properties>
    </artifact>
    <artifact classifier='osgi.bundle' id='com.aptana.terminal' version='3.0.0.1350942659'>
      <properties size='1'>
        <property name='download.size' value='216537'/>
      </properties>
      <repositoryProperties size='1'>
        <property name='artifact.folder' value='true'/>
      </repositoryProperties>
    </artifact>
    <artifact classifier='osgi.bundle' id='org.apache.httpcomponents.httpcore' version='4.1.3'>
      <properties size='1'>
        <property name='download.size' value='366461'/>
      </properties>
    </artifact>
    <artifact classifier='osgi.bundle' id='org.eclipse.help' version='3.5.100.v20110426'>
      <properties size='1'>
        <property name='download.size' value='257403'/>
      </properties>
    </artifact>
    <artifact classifier='osgi.bundle' id='com.aptana.preview' version='3.0.0.1352396840'>
      <properties size='1'>
        <property name='download.size' value='76323'/>
      </properties>
    </artifact>
    <artifact classifier='osgi.bundle' id='org.eclipse.jsch.core' version='1.1.300.I20110514-0800'>
      <properties size='1'>
        <property name='download.size' value='36301'/>
      </properties>
    </artifact>
  </artifacts>
</repository>
